status,gno_address,ugnot_total,ugnot_base,ugnot_tiered_bonus,ugnot_first24h_bonus,accepted_usd,lockup_12m,first_24h_eligible,bound_at,signer
GENESIS,g10gjvutg825d5yqp32ej3qc25hddhtthzspwaap,3031007752,2635658915,395348837,0,170,no,no,2026-09-09T05:03:10.969Z,adena
GENESIS,g10x3w7fngeecx3jaq45gslypwnkalx0d9kl756g,2063565891,1875968992,187596899,0,121,no,no,2026-09-09T05:55:24.256Z,gnokey
GENESIS,g1279zrl88kuzjz5u8huzmulky9e3akqwaz0dt8e,3255813954,2713178295,406976744,135658915,175,no,yes,2026-09-04T09:11:30.583Z,adena
GENESIS,g12sqtlpu4ga0an2wny80v975y8dgajelrvyp2pe,14550387598,12248062016,1689922481,612403101,790,no,yes,2026-09-04T02:40:49.076Z,adena
GENESIS,g12uucufc8g0vhqx92u6sjuyslx2vz97k0mhq6jd,18604651162,15503875969,2325581395,775193798,1000,no,yes,2026-09-08T07:40:32.565Z,adena
GENESIS,g13enw4ph4jwh2mqv07pxcsesyam5605cydps77n,1784583586046,1551811813953,232771772093,0,100091.862,no,no,2026-09-03T14:36:16.920Z,adena
GENESIS,g13hsacd5wjejd9r4p7gp49psyl5w3jqw0x35cxj,12316279070,10263565891,1539534884,513178295,662,no,yes,2026-09-04T15:34:47.115Z,adena
GENESIS,g13wq3f03zty8xahfa0axwj4kpc9mrkv8ldcrcwd,35720930232,29767441860,4465116279,1488372093,1920,no,yes,2026-09-04T15:12:30.213Z,adena
GENESIS,g140knwp8w2kxj4f6skeuk60edwmphwwwxcs6eyx,12334883720,10279069767,1541860465,513953488,663,no,yes,2026-09-04T05:21:08.087Z,adena
GENESIS,g14hra7c6mxz587qj7cygvk3jkm7l8h8knzh5dcq,1705426357,1550387597,155038760,0,100,no,no,2026-09-04T08:48:49.325Z,adena
GENESIS,g14rzzradg2dne6v2k80265l6qglql9edf6tpnmm,1782945737,1550387597,232558140,0,100,no,no,2026-09-05T14:52:29.945Z,adena
GENESIS,g15a0600yc9pf2cjtx80g3lzhm99yl55zyuvwkjj,341085271318,310077519380,31007751938,0,20000,no,no,2026-09-04T08:04:44.438Z,adena
GENESIS,g16negggxcs5ad93z6f2tvpfnyz6nnydsktslp08,186046511627,155038759690,23255813953,7751937984,10000,no,yes,2026-09-04T14:59:02.194Z,adena
GENESIS,g16wg82skmtjvey8fr9ega27cvhux2wtmh7nnae9,1722480620,1565891473,156589147,0,101,no,no,2026-09-04T08:38:47.071Z,adena
GENESIS,g16wk2gntl7vma7qdt9zjt85xewfcer4rg3wpwd2,12706976744,10589147287,1588372093,529457364,683,no,yes,2026-09-04T02:09:42.132Z,adena
GENESIS,g173q2lr9gft7p6q2rs8nue7j7frfqdr4t32h5zj,1705426357,1550387597,155038760,0,100,no,no,2026-09-04T14:55:59.919Z,adena
GENESIS,g1747t5m2f08plqjlrjk2q0qld7465hxz8gkx59c,21897674419,18248062016,2737209302,912403101,1177,no,yes,2026-09-09T10:14:09.544Z,adena
GENESIS,g174ts84rks5x97pk2kxnfjmmaenmj6azjua9kg7,10829457364,9844961240,984496124,0,635,no,no,2026-09-10T07:34:16.295Z,adena
GENESIS,g178gkc44jq4zyjgy2ssttn5jpzxjreltzxqg6k9,239641860466,201643410853,27916279070,10082170543,13006,no,yes,2026-09-04T01:54:36.299Z,adena
GENESIS,g18c0grhdx96lw2u5t9qchl390n5weu9znkwf5vm,1841860465,1674418605,167441860,0,108,yes,no,2026-09-08T00:02:41.611Z,adena
GENESIS,g18kes28qn3nz9kmlluqvpvc85999d98cenyly47,36899224807,31627906977,3689922481,1581395349,2040,no,yes,2026-09-05T07:47:46.509Z,adena
GENESIS,g18u7yz0gm3y0gaqnwgw788e2e7qc4k2stz4tgq9,18604651162,15503875969,2325581395,775193798,1000,no,yes,2026-09-04T12:07:44.612Z,gnokey
GENESIS,g19vtc43w5tzf3k87uvy78rtvatxc8x29xven3hs,3720930233,3100775194,465116279,155038760,200,no,yes,2026-09-04T06:50:37.995Z,adena
GENESIS,g1aq4j6gz0tcj039nn74pdfefgksnqlld0znr4kd,1782945737,1550387597,232558140,0,100,no,no,2026-09-04T06:37:51.005Z,adena
GENESIS,g1at2h7kdhz2m9lv6azn54mwu4wl95k94wu90uwj,5525581395,4604651163,690697674,230232558,297,no,yes,2026-09-10T20:33:11.837Z,adena
GENESIS,g1aycf3z9pes3dd64pg2rzpmlfpj38tu3f370z5m,46609302325,42372093023,4237209302,0,2733,no,no,2026-09-04T04:56:39.267Z,adena
GENESIS,g1ayy8knfdhepp2rws2m8kq5jzjm67fsyl363kch,42232558139,35193798450,5279069767,1759689922,2270,no,yes,2026-09-07T22:04:18.746Z,adena
GENESIS,g1c3th4jzxrmpdn23xv4taewf064jvpsrpl205ru,140077519380,124031007752,16046511628,0,8000,no,no,2026-09-04T02:49:07.301Z,adena
GENESIS,g1c4cqfp4y66q67ydswnrefw7lugdsyrgfxeazpt,23193798450,21085271318,2108527132,0,1360,no,no,2026-09-07T05:30:44.595Z,adena
GENESIS,g1cc48d8fju7n5fjja05qhgzdsva0cczf3l8t029,2232558139,1860465116,279069767,93023256,120,no,yes,2026-09-07T10:50:53.872Z,gnokey
GENESIS,g1cw4d6ayhdfk2wclvy8fvxff26l8naddqgmnpkl,2027906977,1689922481,253488372,84496124,109,no,yes,2026-09-04T21:12:56.811Z,adena
GENESIS,g1czl7cxq2j74tuaj56zvwyqupdf4rr6tjdza9as,5230586046511,4358821705426,653823255814,217941085271,281144,no,yes,2026-09-05T00:29:12.384Z,adena
GENESIS,g1da4xpgse3fklgll7nxvg8ly68vdm65adn4juqe,20465116279,17054263566,2558139535,852713178,1100,no,yes,2026-09-06T09:20:21.490Z,adena
GENESIS,g1duskj02k4fh7gll2a0vef4xl22sty4u8ky93xe,3722697674,3102248062,465337209,155112403,200.095,no,yes,2026-09-04T13:43:50.874Z,adena
GENESIS,g1e3ded8a735au6z2845rvaqhnh42796xcesg09k,3565891473,3100775194,465116279,0,200,no,no,2026-09-04T05:14:45.008Z,adena
GENESIS,g1ee57d33pcjdcwd0q09kxx6m74parvmg7na9l63,11227906976,9356589147,1403488372,467829457,603.5,no,yes,2026-09-04T05:33:29.586Z,adena
GENESIS,g1eefgyzuf473pa57260h6s3cuxwd43zf5p4yw3y,5581395350,4651162791,697674419,232558140,300,no,yes,2026-09-04T19:03:12.945Z,adena
GENESIS,g1f95dmun7ldnyzymrja6qjy063nfug0kzr63l7c,755367441861,629472868217,94420930233,31473643411,40601,no,yes,2026-09-09T01:50:44.762Z,adena
GENESIS,g1flu5w6ky2kxa9r5j3kuy2wxn0e2x3zkpr8mw0l,58498449612,50868217054,7630232558,0,3281,no,no,2026-09-04T03:01:49.764Z,adena
GENESIS,g1h28spejsk5glykd7e54c2mzrnc8hqjhf6whnea,1889922481,1643410853,246511628,0,106,no,no,2026-09-04T14:09:16.977Z,adena
GENESIS,g1hfddsq82tawt6df4eejn0sh2d73v0ac8thdgaj,18604651162,15503875969,2325581395,775193798,1000,no,yes,2026-09-04T09:22:29.152Z,adena
GENESIS,g1hk900ewcwc9wfkn5ryc5t3ucjrupx7uhufraxa,2739572093023,2282976744186,342446511628,114148837209,147252,no,yes,2026-09-11T04:45:17.459Z,adena
GENESIS,g1hpgfqn2ksz40ss70kt4y8lrqd5zgv4n29tyfd4,25155038759,22868217054,2286821705,0,1475,no,no,2026-09-04T11:56:26.054Z,adena
GENESIS,g1k226pr4ezdupppfx9x55erlxsveygvwm5vyu5l,930232558139,775193798450,116279069767,38759689922,50000,no,yes,2026-09-08T07:17:18.852Z,adena
GENESIS,g1kdyd4tvl0ced64pv0te66p52uhrp9z75u870v4,5655364341,5141240310,514124031,0,331.61,no,no,2026-09-10T06:50:58.420Z,adena
GENESIS,g1lpp5uuxkdteg5w3gvv0uyzt20w398lsrpr35l8,341068217054,310062015504,31006201550,0,19999,no,no,2026-09-09T14:54:11.066Z,adena
GENESIS,g1lsk2ve47zl7260zefryx2842f5fesgvwss2xw0,8902325582,8093023256,809302326,0,522,no,no,2026-09-04T20:41:32.802Z,adena
GENESIS,g1me5pu82zl5pfgt3g0t7wznvzqgycx76udsrw8j,1782945737,1550387597,232558140,0,100,no,no,2026-09-07T14:21:21.052Z,adena
GENESIS,g1mftyvps4cgcwygwg2jat6vcadscpe83t7e6cjf,34108527132,31007751938,3100775194,0,2000,no,no,2026-09-04T15:28:38.605Z,adena
GENESIS,g1mrhcvzkaslq2n8ph4wtf78g85jgv6xe6tyjv8w,121757364341,105875968992,15881395349,0,6829,no,no,2026-09-07T14:23:49.434Z,adena
GENESIS,g1n3mhyp9fvcmuu8l0q8qvjy07x0rql8q4vp3utp,530232558139,441860465116,66279069767,22093023256,28500,no,yes,2026-09-04T02:41:40.984Z,adena
GENESIS,g1nhh5ylfew99tj60zkus8qqrulxu8fgwe8afls7,36434108527,31007751938,3875968992,1550387597,2000,no,yes,2026-09-04T13:21:12.277Z,adena
GENESIS,g1njefr6rmzp8f7x33kwgqxqmd2hhlezatvnrmqp,1860465117,1550387597,232558140,77519380,100,no,yes,2026-09-04T03:43:48.387Z,gnokey
GENESIS,g1nvq7z47z0kr92d4n6rz74dzr75d69guqs56mxd,27925581394,23271317829,3490697674,1163565891,1501,no,yes,2026-09-04T16:31:01.954Z,adena
GENESIS,g1p6wjkgpyfzp5epxk9zkf7wq7ual6mk0sqn9kq6,17730232558,14775193798,2216279070,738759690,953,no,yes,2026-09-06T07:35:52.251Z,adena
GENESIS,g1p824ept88e349z7tak2nwznjdyn6wpckug77kl,5767441861,4806201550,720930233,240310078,310,no,yes,2026-09-07T22:05:16.910Z,adena
GENESIS,g1pgau0y96k6y2j2493rmq0f290vwj8ekxl2uamy,126201550388,114728682171,11472868217,0,7400,no,no,2026-09-04T10:47:54.041Z,adena
GENESIS,g1pp6rhcqgeag6vd5swugznclk49284kxuhx6qq6,3032558139,2527131783,379069767,126356589,163,no,yes,2026-09-04T13:05:28.869Z,adena
GENESIS,g1q4gm7fpmtjur2659mvnh7cavk5uz9mx30dpu8q,23125581395,21023255814,2102325581,0,1356,no,no,2026-09-04T04:29:55.451Z,adena
GENESIS,g1qenjcqhqctxcdjrtjgnf6sewgjs74f4xtvmqe0,18660465117,15550387597,2332558140,777519380,1003,no,yes,2026-09-04T02:58:33.616Z,adena
GENESIS,g1quy52dmn6ggckveyxxngw8khkycq6atm6f4tr5,184186046512,153488372093,23023255814,7674418605,9900,no,yes,2026-09-09T01:57:42.162Z,adena
GENESIS,g1r44nngjxzwan22t0s7ta3lp4amn756aksyd8tn,23722480620,21565891473,2156589147,0,1391,no,no,2026-09-06T10:38:30.317Z,adena
GENESIS,g1ruk4r4k87e08mz6z5jd3g698yhak5ygc3yjvvn,9302325581,7751937984,1162790698,387596899,500,no,yes,2026-09-06T11:12:24.012Z,adena
GENESIS,g1s5uydewcz2sch8ev5qr0u2fhhe5mkrlpdg2km4,186046511627,155038759690,23255813953,7751937984,10000,no,yes,2026-09-09T05:32:49.874Z,adena
GENESIS,g1sdaa2huuc9xph7033la63k6l7w4zazfde8ll5g,23313178295,21193798450,2119379845,0,1367,no,no,2026-09-05T00:52:23.765Z,adena
GENESIS,g1sn2hpzc7d3jq74d5ctsp402qeqvjs4qxrwxknm,62702486456,55813953488,6888532968,0,3600,no,no,2026-09-07T00:14:47.428Z,adena
GENESIS,g1syeqptfl0p0g6rqaw6g6erq03u8fn2vlhc4wqm,1782945737,1550387597,232558140,0,100,no,no,2026-09-04T13:50:37.055Z,gnokey
GENESIS,g1ta6leew26kkscrjw7eshpmz90jdj2vw9hnx5yz,930232558139,775193798450,116279069767,38759689922,50000,no,yes,2026-09-08T05:47:47.823Z,adena
GENESIS,g1tg9f7xd9e4fw66y2y8srzzxys940ys2xsjp2wn,60620155039,52713178295,7906976744,0,3400,no,no,2026-09-04T08:25:31.423Z,adena
GENESIS,g1up8qmhmw0crhp420zvregw5ntt2f77kxw3nss7,12248837210,10651162791,1597674419,0,687,no,no,2026-09-05T15:09:55.672Z,adena
GENESIS,g1wndh22wyg7yqd702qwk6xvzgky2u5c79t997un,511627906977,465116279070,46511627907,0,30000,no,no,2026-09-04T04:31:29.758Z,adena
GENESIS,g1ww03h6sng0u6j72ee9s6hlt7j2actjx936l5z9,123665116279,107534883721,16130232558,0,6936,no,no,2026-09-04T20:17:42.374Z,adena
GENESIS,g1xty8z6ea5fy5y8fz3hr67ka36kzrm35snt72u3,29579069768,25720930233,3858139535,0,1659,no,no,2026-09-04T02:55:48.620Z,adena
GENESIS,g1y07l2xj0m0dd0dywe2ny8c2wg0mnzwaftssh6n,13175968992,11457364341,1718604651,0,739,no,no,2026-09-04T20:50:26.757Z,adena
GENESIS,g1yda3v4gspsv97z9z2dde5fyzwuddkxjgg3e9jx,1739534884,1581395349,158139535,0,102,no,no,2026-09-04T08:40:49.646Z,adena
GENESIS,g1z89utvygweg5l56fsk8ak7t6hh88fd0a8kdeyv,170542635659,155038759690,15503875969,0,10000,no,no,2026-09-05T14:47:12.464Z,adena
GENESIS,g1zdqp8z0rlc340rfc7g4dpdr0sspylat5gug9ch,24301550388,21131782946,3169767442,0,1363,no,no,2026-09-04T07:40:01.893Z,adena
GENESIS,g1zlk4m02g52vq387lhf9tdcjuu4t2sffuajkdut,13693023256,11906976744,1786046512,0,768,no,no,2026-09-04T15:19:17.323Z,adena
UNCLAIMED,,744186046512,620155038760,93023255814,31007751938,40000,no,yes,,
UNCLAIMED,,743690232558,619741860465,92961279070,30987093023,39973.35,no,yes,,
UNCLAIMED,,682170542636,620155038760,62015503876,0,40000,no,no,,
UNCLAIMED,,558139534883,465116279070,69767441860,23255813953,30000,no,yes,,
UNCLAIMED,,490470542636,426496124031,63974418605,0,27509,no,no,,
UNCLAIMED,,325510852713,280356589147,31136434109,14017829457,18083,no,yes,,
UNCLAIMED,,178294573643,155038759690,23255813953,0,10000,no,no,,
UNCLAIMED,,157347286822,139519379845,17827906977,0,8999,no,no,,
UNCLAIMED,,140651162791,117209302326,17581395349,5860465116,7560,no,yes,,
UNCLAIMED,,130418604651,108682170543,16302325581,5434108527,7010,no,yes,,
UNCLAIMED,,129693023256,108077519380,16211627907,5403875969,6971,no,yes,,
UNCLAIMED,,126511627906,105426356589,15813953488,5271317829,6800,no,yes,,
UNCLAIMED,,72565891473,63100775194,9465116279,0,4070,no,no,,
UNCLAIMED,,72437209302,61069767442,8313953488,3053488372,3939,no,yes,,
UNCLAIMED,,51348837210,44651162791,6697674419,0,2880,no,no,,
UNCLAIMED,,50992248062,46356589147,4635658915,0,2990,no,no,,
UNCLAIMED,,50455813953,42046511628,6306976744,2102325581,2712,no,yes,,
UNCLAIMED,,37192248062,32341085271,4851162791,0,2086,no,no,,
UNCLAIMED,,35658914729,31007751938,4651162791,0,2000,no,no,,
UNCLAIMED,,35658914729,31007751938,4651162791,0,2000,no,no,,
UNCLAIMED,,34108527132,31007751938,3100775194,0,2000,no,no,,
UNCLAIMED,,34108527132,31007751938,3100775194,0,2000,no,no,,
UNCLAIMED,,24248062016,21085271318,3162790698,0,1360,no,no,,
UNCLAIMED,,21675968993,19705426357,1970542636,0,1271,no,no,,
UNCLAIMED,,21317829457,19379844961,1937984496,0,1250,no,no,,
UNCLAIMED,,18604651162,15503875969,2325581395,775193798,1000,no,yes,,
UNCLAIMED,,18418604650,15348837209,2302325581,767441860,990,no,yes,,
UNCLAIMED,,17562015503,15271317829,2290697674,0,985,no,no,,
UNCLAIMED,,17224806202,15658914729,1565891473,0,1010,no,no,,
UNCLAIMED,,10232558139,9302325581,930232558,0,600,no,no,,
UNCLAIMED,,9209302325,8372093023,837209302,0,540,no,no,,
UNCLAIMED,,7925311088,6604425907,990663886,330221295,425.985471,no,yes,,
UNCLAIMED,,5259689923,4573643411,686046512,0,295,no,no,,
UNCLAIMED,,3758139535,3131782946,469767442,156589147,202,no,yes,,
UNCLAIMED,,3720930233,3100775194,465116279,155038760,200,no,yes,,
UNCLAIMED,,3462015504,3147286822,314728682,0,203,no,no,,
UNCLAIMED,,3410852713,3100775194,310077519,0,200,no,no,,
UNCLAIMED,,3410852713,3100775194,310077519,0,200,no,no,,
UNCLAIMED,,2643410853,2403100775,240310078,0,155,no,no,,
UNCLAIMED,,2065116280,1720930233,258139535,86046512,111,no,yes,,
UNCLAIMED,,2046511628,1705426357,255813953,85271318,110,no,yes,,
UNCLAIMED,,1860465117,1550387597,232558140,77519380,100,no,yes,,
UNCLAIMED,,1782945737,1550387597,232558140,0,100,no,no,,
UNCLAIMED,,1705426357,1550387597,155038760,0,100,no,no,,
